M,Z
0,-17.04
1,-17.04
2,-17.04
3,-17.04
4,-17.04
5,-17.04
6,-17.04
7,-17.04
8,-17.04
8.999,-17.04
9.999,-17.04
10.999,-17.04
11.999,-17.04
12.999,-17.04
13.999,-17.04
14.999,-17.04
15.999,-17.04
16.999,-17.04
17.999,-17.04
18.999,-17.04
19.999,-17.04
20.999,-17.04
21.999,-17.04
22.999,-17.04
23.999,-17.04
24.998,-17.04
25.998,-17.04
26.998,-17.04
27.998,-17.04
28.998,-17.04
29.998,-17.04
30.998,-17.04
31.998,-17.04
32.998,-17.04
33.998,-17.04
34.998,-17.04
35.998,-17.04
36.998,-17.04
37.998,-17.04
38.998,-17.04
39.998,-17.04
40.997,-17.04
41.997,-17.04
42.997,-17.04
43.997,-17.04
44.997,-17.04
45.997,-17.04
46.997,-17.04
47.997,-17.04
48.997,-17.04
49.997,-17.04
50.997,-17.04
51.997,-17.04
52.997,-17.04
53.997,-17.04
54.997,-17.041
55.997,-17.041
56.996,-17.042
57.996,-17.042
58.996,-17.042
59.996,-17.043
60.996,-17.043
61.996,-17.044
62.996,-17.044
63.996,-17.045
64.996,-17.045
65.996,-17.046
66.996,-17.046
67.996,-17.046
68.996,-17.047
69.996,-17.047
70.996,-17.047
71.996,-17.048
72.995,-17.048
73.995,-17.049
74.995,-17.049
75.995,-17.049
76.995,-17.049
77.995,-17.05
78.995,-17.05
79.995,-17.05
80.995,-17.051
81.995,-17.051
82.995,-17.051
83.995,-17.052
84.995,-17.052
85.995,-17.052
86.995,-17.052
87.995,-17.052
88.994,-17.053
89.994,-17.053
90.994,-17.053
91.994,-17.053
92.994,-17.053
93.994,-17.054
94.994,-17.054
95.994,-17.054
96.994,-17.054
97.994,-17.054
98.994,-17.054
99.994,-17.055
100.994,-17.055
101.994,-17.055
102.994,-17.055
103.994,-17.055
104.993,-17.055
105.993,-17.055
106.993,-17.055
107.993,-17.055
108.993,-17.055
109.993,-17.055
110.993,-17.055
111.993,-17.055
112.993,-17.055
113.993,-17.055
114.993,-17.055
115.993,-17.055
116.993,-17.055
117.993,-17.055
118.993,-17.055
119.993,-17.055
120.992,-17.055
121.992,-17.055
122.992,-17.055
123.992,-17.055
124.992,-17.055
125.992,-17.055
126.992,-17.055
127.992,-17.055
128.992,-17.054
129.992,-17.054
130.992,-17.054
131.992,-17.054
132.992,-17.054
133.992,-17.054
134.992,-17.054
135.992,-17.053
136.991,-17.053
137.991,-17.053
138.991,-17.053
139.991,-17.053
140.991,-17.052
141.991,-17.052
142.991,-17.052
143.991,-17.052
144.991,-17.051
145.991,-17.051
146.991,-17.051
147.991,-17.051
148.991,-17.05
149.991,-17.05
150.991,-17.05
151.991,-17.049
152.99,-17.049
153.99,-17.05
154.99,-17.051
155.99,-17.052
156.99,-17.052
157.99,-17.053
158.99,-17.054
159.99,-17.055
160.99,-17.056
161.99,-17.056
162.99,-17.057
163.99,-17.058
164.99,-17.058
165.99,-17.059
166.99,-17.059
167.99,-17.06
168.989,-17.06
169.989,-17.06
170.989,-17.061
171.989,-17.061
172.989,-17.061
173.989,-17.061
174.989,-17.063
175.989,-17.066
176.989,-17.068
177.989,-17.071
178.989,-17.074
179.989,-17.077
180.989,-17.08
181.989,-17.082
182.989,-17.085
183.989,-17.088
184.988,-17.091
185.988,-17.094
186.988,-17.097
187.988,-17.1
188.988,-17.103
189.988,-17.107
190.988,-17.11
191.988,-17.113
192.988,-17.116
193.988,-17.119
194.988,-17.123
195.988,-17.126
196.988,-17.129
197.988,-17.133
198.988,-17.136
199.988,-17.14
200.987,-17.143
201.987,-17.147
202.987,-17.15
203.987,-17.154
204.987,-17.158
205.987,-17.161
206.987,-17.165
207.987,-17.169
208.987,-17.173
209.987,-17.176
210.987,-17.18
211.987,-17.184
212.987,-17.188
213.987,-17.192
214.987,-17.196
215.987,-17.2
216.986,-17.204
217.986,-17.208
218.986,-17.212
219.986,-17.216
220.986,-17.221
221.986,-17.225
222.986,-17.229
223.986,-17.233
224.986,-17.238
225.986,-17.242
226.986,-17.246
227.986,-17.251
228.986,-17.255
229.986,-17.26
230.986,-17.264
231.986,-17.269
232.985,-17.273
233.985,-17.278
234.985,-17.283
235.985,-17.287
236.985,-17.292
237.985,-17.297
238.985,-17.302
239.985,-17.306
240.985,-17.311
241.985,-17.316
242.985,-17.321
243.985,-17.326
244.985,-17.331
245.985,-17.336
246.985,-17.341
247.985,-17.346
248.984,-17.351
249.984,-17.357
250.984,-17.362
251.984,-17.367
252.984,-17.371
253.984,-17.373
254.984,-17.374
255.984,-17.376
256.984,-17.378
257.984,-17.38
258.984,-17.382
259.984,-17.384
260.984,-17.385
261.984,-17.387
262.984,-17.389
263.984,-17.39
264.983,-17.392
265.983,-17.394
266.983,-17.395
267.983,-17.397
268.983,-17.398
269.983,-17.4
270.983,-17.401
271.983,-17.403
272.983,-17.404
273.983,-17.406
274.983,-17.407
275.983,-17.408
276.983,-17.41
277.983,-17.411
278.983,-17.412
279.983,-17.414
280.982,-17.415
281.982,-17.416
282.982,-17.417
283.982,-17.418
284.982,-17.419
285.982,-17.421
286.982,-17.422
287.982,-17.423
288.982,-17.424
289.982,-17.425
290.982,-17.426
291.982,-17.427
292.982,-17.428
293.982,-17.429
294.982,-17.429
295.982,-17.43
296.981,-17.431
297.981,-17.432
298.981,-17.433
299.981,-17.433
300.981,-17.434
301.981,-17.435
302.981,-17.436
303.981,-17.436
304.981,-17.437
305.981,-17.437
306.981,-17.438
307.981,-17.439
308.981,-17.439
309.981,-17.44
310.981,-17.44
311.981,-17.441
312.98,-17.441
313.98,-17.441
314.98,-17.442
315.98,-17.442
316.98,-17.442
317.98,-17.443
318.98,-17.443
319.98,-17.443
320.98,-17.443
321.98,-17.444
322.98,-17.444
323.98,-17.444
324.98,-17.444
325.98,-17.444
326.98,-17.444
327.98,-17.444
328.979,-17.444
329.979,-17.444
330.979,-17.444
331.979,-17.444
332.979,-17.444
333.979,-17.444
334.979,-17.444
335.979,-17.444
336.979,-17.443
337.979,-17.443
338.979,-17.443
339.979,-17.443
340.979,-17.442
341.979,-17.442
342.979,-17.442
343.979,-17.441
344.978,-17.441
345.978,-17.441
346.978,-17.44
347.978,-17.44
348.978,-17.439
349.978,-17.439
350.978,-17.438
351.978,-17.437
352.978,-17.433
353.978,-17.429
354.978,-17.425
355.978,-17.421
356.978,-17.417
357.978,-17.412
358.978,-17.408
359.978,-17.404
360.977,-17.399
361.977,-17.394
362.977,-17.39
363.977,-17.385
364.977,-17.38
365.977,-17.375
366.977,-17.37
367.977,-17.365
368.977,-17.36
369.977,-17.354
370.977,-17.349
371.977,-17.343
372.977,-17.338
373.977,-17.332
374.977,-17.327
375.977,-17.321
376.976,-17.315
377.976,-17.309
378.976,-17.303
379.976,-17.297
380.976,-17.29
381.976,-17.284
382.976,-17.278
383.976,-17.271
384.976,-17.265
385.976,-17.258
386.976,-17.251
387.976,-17.244
388.976,-17.237
389.976,-17.23
390.976,-17.223
391.976,-17.216
392.975,-17.209
393.975,-17.202
394.975,-17.194
395.975,-17.187
396.975,-17.179
397.975,-17.171
398.975,-17.164
399.975,-17.156
400.975,-17.148
401.975,-17.14
402.975,-17.132
403.975,-17.124
404.975,-17.115
405.975,-17.107
406.975,-17.099
407.975,-17.09
408.974,-17.081
409.974,-17.073
410.974,-17.064
411.974,-17.055
412.974,-17.046
413.974,-17.036
414.974,-17.027
415.974,-17.017
416.974,-17.007
417.974,-16.997
418.974,-16.988
419.974,-16.978
420.974,-16.968
421.974,-16.959
422.974,-16.949
423.974,-16.939
424.973,-16.93
425.973,-16.92
426.973,-16.91
427.973,-16.901
428.973,-16.891
429.973,-16.881
430.973,-16.872
431.973,-16.862
432.973,-16.852
433.973,-16.843
434.973,-16.833
435.973,-16.823
436.973,-16.814
437.973,-16.804
438.973,-16.795
439.973,-16.785
440.972,-16.775
441.972,-16.766
442.972,-16.756
443.972,-16.746
444.972,-16.737
445.972,-16.727
446.972,-16.718
447.972,-16.708
448.972,-16.698
449.972,-16.689
450.972,-16.679
451.972,-16.677
452.972,-16.676
453.972,-16.674
454.972,-16.673
455.972,-16.671
456.971,-16.669
457.971,-16.668
458.971,-16.666
459.971,-16.665
460.971,-16.663
461.971,-16.661
462.971,-16.66
463.971,-16.658
464.971,-16.657
465.971,-16.655
466.971,-16.653
467.971,-16.652
468.971,-16.65
469.971,-16.649
470.971,-16.647
471.971,-16.646
472.97,-16.644
473.97,-16.642
474.97,-16.641
475.97,-16.639
476.97,-16.638
477.97,-16.636
478.97,-16.634
479.97,-16.633
480.97,-16.631
481.97,-16.63
482.97,-16.628
483.97,-16.626
484.97,-16.625
485.97,-16.623
486.97,-16.622
487.97,-16.62
488.969,-16.618
489.969,-16.617
490.969,-16.615
491.969,-16.614
492.969,-16.612
493.969,-16.61
494.969,-16.609
495.969,-16.607
496.969,-16.606
497.969,-16.604
498.969,-16.602
499.969,-16.601
500.969,-16.599
501.969,-16.598
502.969,-16.596
503.969,-16.594
504.968,-16.593
505.968,-16.591
506.968,-16.59
507.968,-16.588
508.968,-16.587
509.968,-16.585
510.968,-16.583
511.968,-16.582
512.968,-16.58
513.968,-16.578
514.968,-16.577
515.968,-16.575
516.968,-16.574
517.968,-16.572
518.968,-16.571
519.968,-16.569
520.967,-16.567
521.967,-16.566
522.967,-16.564
523.967,-16.563
524.967,-16.561
525.967,-16.559
526.967,-16.558
527.967,-16.556
528.967,-16.555
529.967,-16.553
530.967,-16.551
531.967,-16.55
532.967,-16.548
533.967,-16.547
534.967,-16.545
535.967,-16.543
536.966,-16.542
537.966,-16.54
538.966,-16.539
539.966,-16.537
540.966,-16.536
541.966,-16.534
542.966,-16.532
543.966,-16.531
544.966,-16.529
545.966,-16.528
546.966,-16.526
547.966,-16.524
548.966,-16.523
549.966,-16.521
550.966,-16.511
551.966,-16.498
552.965,-16.485
553.965,-16.472
554.965,-16.459
555.965,-16.445
556.965,-16.432
557.965,-16.418
558.965,-16.404
559.965,-16.391
560.965,-16.377
561.965,-16.363
562.965,-16.349
563.965,-16.335
564.965,-16.321
565.965,-16.307
566.965,-16.293
567.965,-16.278
568.964,-16.264
569.964,-16.249
570.964,-16.235
571.964,-16.22
572.964,-16.206
573.964,-16.191
574.964,-16.176
575.964,-16.161
576.964,-16.146
577.964,-16.131
578.964,-16.116
579.964,-16.1
580.964,-16.085
581.964,-16.07
582.964,-16.054
583.964,-16.038
584.963,-16.023
585.963,-16.007
586.963,-15.991
587.963,-15.975
588.963,-15.959
589.963,-15.943
590.963,-15.927
591.963,-15.911
592.963,-15.895
593.963,-15.879
594.963,-15.862
595.963,-15.846
596.963,-15.829
597.963,-15.812
598.963,-15.796
599.963,-15.779
600.962,-15.762
601.962,-15.745
602.962,-15.728
603.962,-15.711
604.962,-15.694
605.962,-15.676
606.962,-15.659
607.962,-15.641
608.962,-15.624
609.962,-15.606
610.962,-15.589
611.962,-15.571
612.962,-15.553
613.962,-15.535
614.962,-15.517
615.962,-15.499
616.961,-15.481
617.961,-15.463
618.961,-15.444
619.961,-15.426
620.961,-15.408
621.961,-15.389
622.961,-15.371
623.961,-15.352
624.961,-15.333
625.961,-15.314
626.961,-15.295
627.961,-15.276
628.961,-15.257
629.961,-15.238
630.961,-15.219
631.961,-15.2
632.96,-15.18
633.96,-15.161
634.96,-15.141
635.96,-15.122
636.96,-15.102
637.96,-15.082
638.96,-15.062
639.96,-15.042
640.96,-15.022
641.96,-15.002
642.96,-14.982
643.96,-14.962
644.96,-14.942
645.96,-14.921
646.96,-14.901
647.96,-14.88
648.959,-14.86
649.959,-14.839
650.959,-14.818
651.959,-14.793
652.959,-14.768
653.959,-14.743
654.959,-14.717
655.959,-14.692
656.959,-14.667
657.959,-14.642
658.959,-14.617
659.959,-14.593
660.959,-14.568
661.959,-14.543
662.959,-14.519
663.959,-14.495
664.958,-14.47
665.958,-14.446
666.958,-14.422
667.958,-14.398
668.958,-14.374
669.958,-14.35
670.958,-14.327
671.958,-14.303
672.958,-14.279
673.958,-14.256
674.958,-14.233
675.958,-14.209
676.958,-14.186
677.958,-14.163
678.958,-14.14
679.958,-14.117
680.957,-14.094
681.957,-14.072
682.957,-14.049
683.957,-14.027
684.957,-14.004
685.957,-13.982
686.957,-13.96
687.957,-13.938
688.957,-13.916
689.957,-13.894
690.957,-13.872
691.957,-13.85
692.957,-13.828
693.957,-13.807
694.957,-13.785
695.957,-13.764
696.956,-13.742
697.956,-13.721
698.956,-13.7
699.956,-13.679
700.956,-13.658
701.956,-13.637
702.956,-13.617
703.956,-13.596
704.956,-13.575
705.956,-13.555
706.956,-13.535
707.956,-13.514
708.956,-13.494
709.956,-13.474
710.956,-13.454
711.956,-13.434
712.955,-13.414
713.955,-13.395
714.955,-13.375
715.955,-13.355
716.955,-13.336
717.955,-13.317
718.955,-13.297
719.955,-13.278
720.955,-13.259
721.955,-13.24
722.955,-13.221
723.955,-13.202
724.955,-13.184
725.955,-13.165
726.955,-13.147
727.955,-13.128
728.954,-13.11
729.954,-13.092
730.954,-13.073
731.954,-13.055
732.954,-13.037
733.954,-13.02
734.954,-13.002
735.954,-12.984
736.954,-12.967
737.954,-12.949
738.954,-12.932
739.954,-12.914
740.954,-12.897
741.954,-12.88
742.954,-12.863
743.954,-12.846
744.953,-12.829
745.953,-12.812
746.953,-12.796
747.953,-12.779
748.953,-12.764
749.953,-12.754
750.953,-12.744
751.953,-12.733
752.953,-12.723
753.953,-12.713
754.953,-12.703
755.953,-12.693
756.953,-12.683
757.953,-12.673
758.953,-12.663
759.953,-12.653
760.952,-12.643
761.952,-12.634
762.952,-12.624
763.952,-12.614
764.952,-12.604
765.952,-12.595
766.952,-12.585
767.952,-12.575
768.952,-12.566
769.952,-12.556
770.952,-12.547
771.952,-12.537
772.952,-12.528
773.952,-12.518
774.952,-12.509
775.952,-12.499
776.951,-12.49
777.951,-12.481
778.951,-12.471
779.951,-12.462
780.951,-12.453
781.951,-12.444
782.951,-12.435
783.951,-12.426
784.951,-12.417
785.951,-12.408
786.951,-12.399
787.951,-12.39
788.951,-12.381
789.951,-12.372
790.951,-12.363
791.951,-12.354
792.95,-12.345
793.95,-12.337
794.95,-12.328
795.95,-12.319
796.95,-12.311
797.95,-12.302
798.95,-12.293
799.95,-12.285
800.95,-12.276
801.95,-12.268
802.95,-12.259
803.95,-12.251
804.95,-12.243
805.95,-12.234
806.95,-12.226
807.95,-12.218
808.949,-12.209
809.949,-12.201
810.949,-12.193
811.949,-12.185
812.949,-12.177
813.949,-12.169
814.949,-12.161
815.949,-12.153
816.949,-12.145
817.949,-12.137
818.949,-12.129
819.949,-12.121
820.949,-12.113
821.949,-12.105
822.949,-12.097
823.949,-12.09
824.948,-12.082
825.948,-12.074
826.948,-12.067
827.948,-12.059
828.948,-12.052
829.948,-12.044
830.948,-12.036
831.948,-12.029
832.948,-12.022
833.948,-12.014
834.948,-12.007
835.948,-11.999
836.948,-11.992
837.948,-11.985
838.948,-11.978
839.948,-11.97
840.947,-11.963
841.947,-11.956
842.947,-11.949
843.947,-11.942
844.947,-11.935
845.947,-11.928
846.947,-11.921
847.947,-11.914
848.947,-11.911
849.947,-11.908
850.947,-11.905
851.947,-11.903
852.947,-11.9
853.947,-11.897
854.947,-11.895
855.947,-11.892
856.946,-11.889
857.946,-11.887
858.946,-11.884
859.946,-11.882
860.946,-11.879
861.946,-11.877
862.946,-11.874
863.946,-11.872
864.946,-11.87
865.946,-11.867
866.946,-11.865
867.946,-11.863
868.946,-11.861
869.946,-11.859
870.946,-11.857
871.946,-11.854
872.945,-11.852
873.945,-11.85
874.945,-11.848
875.945,-11.846
876.945,-11.845
877.945,-11.843
878.945,-11.841
879.945,-11.839
880.945,-11.837
881.945,-11.835
882.945,-11.834
883.945,-11.832
884.945,-11.83
885.945,-11.829
886.945,-11.827
887.945,-11.826
888.944,-11.824
889.944,-11.824
890.944,-11.825
891.944,-11.827
892.944,-11.828
893.944,-11.83
894.944,-11.831
895.944,-11.832
896.944,-11.834
897.944,-11.835
898.944,-11.837
899.944,-11.838
900.944,-11.84
901.944,-11.842
902.944,-11.843
903.944,-11.845
904.943,-11.846
905.943,-11.848
906.943,-11.85
907.943,-11.852
908.943,-11.853
909.943,-11.855
910.943,-11.857
911.943,-11.859
912.943,-11.861
913.943,-11.863
914.943,-11.864
915.943,-11.866
916.943,-11.868
917.943,-11.87
918.943,-11.872
919.943,-11.874
920.942,-11.876
921.942,-11.879
922.942,-11.881
923.942,-11.883
924.942,-11.885
925.942,-11.887
926.942,-11.889
927.942,-11.892
928.942,-11.894
929.942,-11.896
930.942,-11.899
931.942,-11.901
932.942,-11.903
933.942,-11.906
934.942,-11.908
935.942,-11.911
936.941,-11.913
937.941,-11.916
938.941,-11.918
939.941,-11.921
940.941,-11.923
941.941,-11.926
942.941,-11.928
943.941,-11.931
944.941,-11.934
945.941,-11.936
946.941,-11.939
947.941,-11.941
948.941,-11.942
949.941,-11.944
950.941,-11.945
951.941,-11.947
952.94,-11.948
953.94,-11.95
954.94,-11.951
955.94,-11.953
956.94,-11.954
957.94,-11.956
958.94,-11.958
959.94,-11.959
960.94,-11.961
961.94,-11.963
962.94,-11.965
963.94,-11.966
964.94,-11.968
965.94,-11.97
966.94,-11.972
967.94,-11.974
968.939,-11.976
969.939,-11.978
970.939,-11.98
971.939,-11.982
972.939,-11.984
973.939,-11.986
974.939,-11.988
975.939,-11.99
976.939,-11.992
977.939,-11.995
978.939,-11.997
979.939,-11.999
980.939,-12.001
981.939,-12.004
982.939,-12.006
983.939,-12.008
984.938,-12.011
985.938,-12.013
986.938,-12.016
987.938,-12.018
988.938,-12.021
989.938,-12.023
990.938,-12.026
991.938,-12.028
992.938,-12.031
993.938,-12.034
994.938,-12.036
995.938,-12.039
996.938,-12.042
997.938,-12.045
998.938,-12.047
999.938,-12.05
1000.937,-12.053
1001.937,-12.056
1002.937,-12.059
1003.937,-12.062
1004.937,-12.065
1005.937,-12.068
1006.937,-12.071
1007.937,-12.074
1008.937,-12.077
1009.937,-12.08
1010.937,-12.083
1011.937,-12.087
1012.937,-12.09
1013.937,-12.093
1014.937,-12.096
1015.937,-12.1
1016.936,-12.103
1017.936,-12.106
1018.936,-12.11
1019.936,-12.113
1020.936,-12.116
1021.936,-12.12
1022.936,-12.123
1023.936,-12.127
1024.936,-12.13
1025.936,-12.134
1026.936,-12.138
1027.936,-12.141
1028.936,-12.145
1029.936,-12.149
1030.936,-12.152
1031.936,-12.156
1032.935,-12.16
1033.935,-12.164
1034.935,-12.168
1035.935,-12.171
1036.935,-12.175
1037.935,-12.179
1038.935,-12.183
1039.935,-12.187
1040.935,-12.191
1041.935,-12.195
1042.935,-12.199
1043.935,-12.203
1044.935,-12.208
1045.935,-12.212
1046.935,-12.215
1047.935,-12.216
1048.934,-12.218
1049.934,-12.219
1050.934,-12.22
1051.934,-12.222
1052.934,-12.223
1053.934,-12.225
1054.934,-12.226
1055.934,-12.228
1056.934,-12.229
1057.934,-12.23
1058.934,-12.232
1059.934,-12.233
1060.934,-12.235
1061.934,-12.236
1062.934,-12.238
1063.934,-12.239
1064.933,-12.24
1065.933,-12.242
1066.933,-12.243
1067.933,-12.245
1068.933,-12.246
1069.933,-12.248
1070.933,-12.249
1071.933,-12.25
1072.933,-12.252
1073.933,-12.253
1074.933,-12.255
1075.933,-12.256
1076.933,-12.258
1077.933,-12.259
1078.933,-12.26
1079.933,-12.262
1080.932,-12.263
1081.932,-12.265
1082.932,-12.266
1083.932,-12.267
1084.932,-12.269
1085.932,-12.27
1086.932,-12.272
1087.932,-12.273
1088.932,-12.275
1089.932,-12.276
1090.932,-12.278
1091.932,-12.279
1092.932,-12.28
1093.932,-12.282
1094.932,-12.283
1095.932,-12.285
1096.931,-12.286
1097.931,-12.287
1098.931,-12.289
1099.931,-12.29
1100.931,-12.292
1101.931,-12.293
1102.931,-12.295
1103.931,-12.296
1104.931,-12.297
1105.931,-12.299
1106.931,-12.3
1107.931,-12.302
1108.931,-12.303
1109.931,-12.305
1110.931,-12.306
1111.931,-12.307
1112.93,-12.309
1113.93,-12.31
1114.93,-12.312
1115.93,-12.313
1116.93,-12.315
1117.93,-12.316
1118.93,-12.317
1119.93,-12.319
1120.93,-12.32
1121.93,-12.322
1122.93,-12.323
1123.93,-12.325
1124.93,-12.326
1125.93,-12.327
1126.93,-12.329
1127.93,-12.33
1128.929,-12.33
1129.929,-12.33
1130.929,-12.33
1131.929,-12.33
1132.929,-12.33
1133.929,-12.33
1134.929,-12.33
1135.929,-12.33
1136.929,-12.33
1137.929,-12.33
1138.929,-12.33
1139.929,-12.33
1140.929,-12.33
1141.929,-12.33
1142.929,-12.331
1143.929,-12.331
1144.928,-12.331
1145.928,-12.331
1146.928,-12.333
1147.928,-12.335
1148.928,-12.337
1149.928,-12.339
1150.928,-12.34
1151.928,-12.342
1152.928,-12.344
1153.928,-12.346
1154.928,-12.347
1155.928,-12.349
1156.928,-12.351
1157.928,-12.353
1158.928,-12.354
1159.928,-12.356
1160.927,-12.358
1161.927,-12.359
1162.927,-12.361
1163.927,-12.362
1164.927,-12.364
1165.927,-12.365
1166.927,-12.367
1167.927,-12.368
1168.927,-12.37
1169.927,-12.371
1170.927,-12.373
1171.927,-12.374
1172.927,-12.376
1173.927,-12.377
1174.927,-12.379
1175.927,-12.38
1176.926,-12.381
1177.926,-12.383
1178.926,-12.384
1179.926,-12.385
1180.926,-12.387
1181.926,-12.388
1182.926,-12.389
1183.926,-12.39
1184.926,-12.391
1185.926,-12.393
1186.926,-12.394
1187.926,-12.395
1188.926,-12.396
1189.926,-12.397
1190.926,-12.398
1191.926,-12.399
1192.925,-12.401
1193.925,-12.402
1194.925,-12.403
1195.925,-12.404
1196.925,-12.405
1197.925,-12.406
1198.925,-12.407
1199.925,-12.408
1200.925,-12.408
1201.925,-12.409
1202.925,-12.41
1203.925,-12.411
1204.925,-12.412
1205.925,-12.413
1206.925,-12.414
1207.925,-12.414
1208.924,-12.415
1209.924,-12.416
1210.924,-12.417
1211.924,-12.417
1212.924,-12.418
1213.924,-12.419
1214.924,-12.42
1215.924,-12.42
1216.924,-12.421
1217.924,-12.421
1218.924,-12.422
1219.924,-12.423
1220.924,-12.423
1221.924,-12.424
1222.924,-12.424
1223.924,-12.425
1224.923,-12.425
1225.923,-12.426
1226.923,-12.426
1227.923,-12.427
1228.923,-12.427
1229.923,-12.428
1230.923,-12.428
1231.923,-12.428
1232.923,-12.429
1233.923,-12.429
1234.923,-12.429
1235.923,-12.43
1236.923,-12.43
1237.923,-12.43
1238.923,-12.431
1239.923,-12.431
1240.922,-12.431
1241.922,-12.431
1242.922,-12.431
1243.922,-12.432
1244.922,-12.432
1245.922,-12.434
1246.922,-12.436
1247.922,-12.438
1248.922,-12.44
1249.922,-12.443
1250.922,-12.445
1251.922,-12.448
1252.922,-12.45
1253.922,-12.453
1254.922,-12.455
1255.922,-12.458
1256.921,-12.461
1257.921,-12.463
1258.921,-12.466
1259.921,-12.469
1260.921,-12.472
1261.921,-12.475
1262.921,-12.478
1263.921,-12.481
1264.921,-12.484
1265.921,-12.487
1266.921,-12.491
1267.921,-12.494
1268.921,-12.497
1269.921,-12.501
1270.921,-12.504
1271.921,-12.507
1272.92,-12.511
1273.92,-12.515
1274.92,-12.518
1275.92,-12.522
1276.92,-12.526
1277.92,-12.529
1278.92,-12.533
1279.92,-12.537
1280.92,-12.541
1281.92,-12.545
1282.92,-12.549
1283.92,-12.553
1284.92,-12.557
1285.92,-12.561
1286.92,-12.566
1287.92,-12.57
1288.919,-12.574
1289.919,-12.579
1290.919,-12.583
1291.919,-12.588
1292.919,-12.592
1293.919,-12.597
1294.919,-12.601
1295.919,-12.606
1296.919,-12.611
1297.919,-12.616
1298.919,-12.62
1299.919,-12.625
1300.919,-12.63
1301,-12.634
1302,-12.636
1303,-12.638
1304,-12.64
1305,-12.642
1306,-12.647
1307,-12.654
1308,-12.621
1309,-12.555
1310,-12.488
1311,-12.422
1312,-12.371
1313,-12.367
1314,-12.363
1315,-12.36
1316,-12.359
1317,-12.361
1318,-12.368
1319,-12.468
1320,-12.661
1321,-12.658
1322,-12.591
1323,-12.517
1324,-12.442
1325,-12.367
1326,-12.293
1327,-12.218
1328,-12.146
1329,-12.087
1330,-12.037
1331,-11.988
1332,-11.938
1333,-11.929
1334,-11.945
1335,-11.961
1336,-11.978
1337,-11.973
1338,-11.984
1339,-11.996
1340,-11.996
1341,-11.977
1342,-11.939
1343,-11.899
1344,-11.825
1345,-11.716
1346,-11.708
1347,-11.665
1348,-11.734
1349,-11.726
1350,-11.738
1351,-11.647
1352,-11.422
1353,-11.258
1354,-11.315
1355,-11.437
1356,-11.49
1357,-11.407
1358,-11.392
1359,-11.367
1360,-11.216
1361,-11.108
1362,-11.105
1363,-11.059
1364,-10.729
1365,-10.252
1366,-10.243
1367,-10.187
1368,-10.189
1369,-10.224
1370,-10.257
1371,-10.186
1372,-10.17
1373,-10.433
1374,-10.661
1375,-10.824
1376,-10.899
1377,-10.9
1378,-10.907
1379,-10.668
1380,-10.171
1381,-10.058
1382,-10.085
1383,-10.124
1384,-10.273
1385,-9.902
1386,-9.75
1387,-9.842
1388,-9.687
1389,-9.534
1390,-9.404
1391,-9.702
1392,-9.811
1393,-9.785
1394,-9.966
1395,-10.331
1396,-10.577
1397,-10.458
1398,-10.321
1399,-10.305
1400,-10.329
1401,-10.318
1402,-10.323
1403,-10.374
1404,-10.477
1405,-10.672
1406,-10.335
1407,-10.457
1408,-10.433
1409,-10.414
1410,-10.448
1411,-10.472
1412,-10.458
1413,-10.444
1414,-10.437
1415,-10.298
1416,-10.317
1417,-10.371
1418,-10.359
1419,-10.323
1420,-10.198
1421,-10.246
1422,-9.968
1423,-9.601
1424,-9.325
1425,-9.28
1426,-9.355
1427,-9.352
1428,-9.4
1429,-9.437
1430,-9.48
1431,-9.253
1432,-8.962
1433,-8.874
1434,-8.948
1435,-9.072
1436,-9.109
1437,-9.206
1438,-9.02
1439,-9.124
1440,-9.198
1441,-9.136
1442,-9.122
1443,-9.251
1444,-9.288
1445,-9.45
1446,-9.466
1447,-9.395
1448,-9.463
1449,-9.504
1450,-9.386
1451,-9.169
1452,-9.052
1453,-9.215
1454,-9.254
1455,-9.098
1456,-9.414
1457,-9.293
1458,-9.228
1459,-9.421
1460,-9.304
1461,-9.417
1462,-9.393
1463,-9.392
1464,-9.476
1465,-9.489
1466,-9.457
1467,-9.386
1468,-9.287
1469,-9.183
1470,-9.028
1471,-8.971
1472,-9.194
1473,-9.055
1474,-9.07
1475,-8.867
1476,-8.831
1477,-8.901
1478,-8.569
1479,-8.636
1480,-9.047
1481,-8.926
1482,-8.989
1483,-8.831
1484,-8.835
1485,-8.915
1486,-8.867
1487,-8.737
1488,-8.672
1489,-8.532
1490,-8.522
1491,-8.543
1492,-8.756
1493,-8.389
1494,-8.475
1495,-8.211
1496,-8.409
1497,-8.616
1498,-8.435
1499,-8.36
1500,-8.067
1501,-8.117
1502,-7.916
1503,-8.015
1504,-8.342
1505,-8.264
1506,-8.13
1507,-7.847
1508,-7.64
1509,-7.364
1510,-7.343
1511,-7.083
1512,-7.076
1513,-7.18
1514,-6.935
1515,-6.678
1516,-6.363
1517,-6.269
1518,-6.261
1519,-6.328
1520,-6.548
1521,-6.513
1522,-6.393
1523,-6.379
1524,-6.363
1525,-6.349
1526,-6.71
1527,-6.968
1528,-6.971
1529,-6.934
1530,-6.818
1531,-6.936
1532,-7.532
1533,-7.485
1534,-7.498
1535,-7.541
1536,-7.515
1537,-7.504
1538,-7.506
1539,-7.534
1540,-7.5
1541,-7.499
1542,-7.492
1543,-7.489
1544,-7.567
1545,-7.455
1546,-7.386
1547,-7.321
1548,-7.258
1549,-7.119
1550,-7.072
1551,-7.013
1552,-6.898
1553,-6.793
1554,-6.677
1555,-6.503
1556,-6.518
1557,-6.553
1558,-6.54
1559,-6.557
1560,-6.627
1561,-6.659
1562,-6.694
1563,-6.652
1564,-6.646
1565,-6.493
1566,-6.341
1567,-6.274
1568,-6.207
1569,-6.166
1570,-6.146
1571,-6.093
1572,-6.064
1573,-6.13
1574,-6.226
1575,-6.263
1576,-6.326
1577,-6.394
1578,-6.206
1579,-5.921
1580,-5.811
1581,-5.938
1582,-5.982
1583,-5.941
1584,-5.885
1585,-5.815
1586,-5.763
1587,-5.726
1588,-5.698
1589,-5.687
1590,-5.665
1591,-5.664
1592,-5.663
1593,-5.618
1594,-5.581
1595,-5.558
1596,-5.541
1597,-5.533
1598,-5.521
1599,-5.534
1600,-5.487
1601,-5.496
1602,-5.473
1603,-5.501
1604,-5.467
1605,-5.444
1606,-5.47
1607,-5.449
1608,-5.481
1609,-5.488
1610,-5.524
1611,-5.591
1612,-5.647
1613,-5.617
1614,-5.565
1615,-5.553
1616,-5.563
1617,-5.613
1618,-5.681
1619,-5.688
1620,-5.646
1621,-5.655
1622,-5.735
1623,-5.662
1624,-5.577
1625,-5.555
1626,-5.476
1627,-5.423
1628,-5.442
1629,-5.569
1630,-5.658
1631,-5.739
1632,-5.811
1633,-5.629
1634,-5.448
1635,-5.364
1636,-5.338
1637,-5.328
1638,-5.293
1639,-5.293
1640,-5.29
1641,-5.136
1642,-5.138
1643,-5.098
1644,-5.062
1645,-5.069
1646,-5.026
1647,-4.997
1648,-4.982
1649,-4.968
1650,-4.963
1651,-4.979
1652,-4.941
1653,-4.893
1654,-4.904
1655,-4.901
1656,-4.868
1657,-4.84
1658,-4.803
1659,-4.789
1660,-4.763
1661,-4.764
1662,-4.739
1663,-4.735
1664,-4.731
1665,-4.725
1666,-4.695
1667,-4.674
1668,-4.67
1669,-4.641
1670,-4.624
1671,-4.612
1672,-4.591
1673,-4.568
1674,-4.565
1675,-4.546
1676,-4.522
1677,-4.507
1678,-4.508
1679,-4.477
1680,-4.453
1681,-4.438
1682,-4.412
1683,-4.388
1684,-4.36
1685,-4.349
1686,-4.351
1687,-4.337
1688,-4.319
1689,-4.279
1690,-4.3
1691,-4.286
1692,-4.28
1693,-4.289
1694,-4.275
1695,-4.247
1696,-4.237
1697,-4.252
1698,-4.231
1699,-4.226
1700,-4.23
1701,-4.219
1702,-4.203
1703,-4.205
1704,-4.183
1705,-4.166
1706,-4.14
1707,-4.126
1708,-4.128
1709,-4.117
1710,-4.111
1711,-4.106
1712,-4.09
1713,-4.074
1714,-4.082
1715,-4.073
1716,-4.07
1717,-4.09
1718,-4.1
1719,-4.116
1720,-4.119
1721,-4.134
1722,-4.14
1723,-4.133
1724,-4.143
1725,-4.15
1726,-4.139
1727,-4.096
1728,-4.076
1729,-4.088
1730,-4.09
1731,-4.062
1732,-4.061
1733,-4.069
1734,-4.062
1735,-4.061
1736,-4.039
1737,-4.025
1738,-4.025
1739,-4.02
1740,-3.993
1741,-3.966
1742,-3.952
1743,-3.922
1744,-3.93
1745,-3.941
1746,-3.938
1747,-3.931
1748,-3.908
1749,-3.908
1750,-3.876
1751,-3.861
1752,-3.853
1753,-3.843
1754,-3.825
1755,-3.823
1756,-3.814
1757,-3.811
1758,-3.81
1759,-3.792
1760,-3.77
1761,-3.771
1762,-3.775
1763,-3.753
1764,-3.747
1765,-3.758
1766,-3.785
1767,-3.77
1768,-3.825
1769,-3.852
1770,-3.801
1771,-3.828
1772,-3.868
1773,-3.938
1774,-4.05
1775,-4.132
1776,-4.198
1777,-4.298
1778,-4.398
1779,-4.418
1780,-4.332
1781,-4.297
1782,-4.245
1783,-4.215
1784,-4.209
1785,-4.206
1786,-4.192
1787,-4.206
1788,-4.202
1789,-4.204
1790,-4.249
1791,-4.273
1792,-4.275
1793,-4.296
1794,-4.389
1795,-4.433
1796,-4.329
1797,-4.216
1798,-4.224
1799,-4.206
1800,-4.211
1801,-4.268
1802,-4.326
1803,-4.36
1804,-4.261
1805,-4.119
1806,-4.032
1807,-3.977
1808,-3.947
1809,-3.914
1810,-3.885
1811,-3.845
1812,-3.838
1813,-3.838
1814,-3.854
1815,-3.897
1816,-3.89
1817,-3.872
1818,-3.858
1819,-3.782
1820,-3.8
1821,-3.802
1822,-3.814
1823,-3.829
1824,-3.81
1825,-3.777
1826,-3.772
1827,-3.8
1828,-3.806
1829,-3.791
1830,-3.769
1831,-3.735
1832,-3.726
1833,-3.737
1834,-3.702
1835,-3.707
1836,-3.745
1837,-3.708
1838,-3.678
1839,-3.644
1840,-3.637
1841,-3.566
1842,-3.532
1843,-3.54
1844,-3.549
1845,-3.525
1846,-3.53
1847,-3.54
1848,-3.53
1849,-3.535
1850,-3.535
1851,-3.526
1852,-3.523
1853,-3.49
1854,-3.469
1855,-3.461
1856,-3.487
1857,-3.428
1858,-3.453
1859,-3.453
1860,-3.49
1861,-3.504
1862,-3.531
1863,-3.546
1864,-3.555
1865,-3.462
1866,-3.455
1867,-3.473
1868,-3.448
1869,-3.356
1870,-3.329
1871,-3.246
1872,-3.191
1873,-3.15
1874,-3.119
1875,-3.156
1876,-3.107
1877,-3.068
1878,-3.073
1879,-3.128
1880,-3.157
1881,-3.156
1882,-3.109
1883,-3.028
1884,-3.027
1885,-3.046
1886,-2.958
1887,-2.903
1888,-2.871
1889,-2.83
1890,-2.789
1891,-2.754
1892,-2.731
1893,-2.71
1894,-2.693
1895,-2.678
1896,-2.661
1897,-2.678
1898,-2.716
1899,-2.774
1900,-2.825
1901,-2.862
1902,-2.846
1903,-2.766
1904,-2.809
1905,-2.88
1906,-2.888
1907,-2.882
1908,-2.792
1909,-2.612
1910,-2.467
1911,-2.396
1912,-2.292
1913,-2.265
1914,-2.19
1915,-2.12
1916,-2.057
1917,-1.986
1918,-1.967
1919,-1.98
1920,-1.969
1921,-1.938
1922,-1.905
1923,-1.88
1924,-1.852
1925,-1.833
1926,-1.791
1927,-1.773
1928,-1.808
1929,-1.776
1930,-1.771
1931,-1.744
1932,-1.718
1933,-1.717
1934,-1.694
1935,-1.671
1936,-1.661
1937,-1.644
1938,-1.622
1939,-1.608
1940,-1.586
1941,-1.564
1942,-1.574
1943,-1.548
1944,-1.541
1945,-1.519
1946,-1.476
1947,-1.476
1948,-1.406
1949,-1.417
1950,-1.391
1951,-1.404
1952,-1.395
1953,-1.401
1954,-1.389
1955,-1.359
1956,-1.338
1957,-1.32
1958,-1.316
1959,-1.333
1960,-1.347
1961,-1.341
1962,-1.325
1963,-1.326
1964,-1.323
1965,-1.356
1966,-1.343
1967,-1.311
1968,-1.311
1969,-1.275
1970,-1.285
1971,-1.268
1972,-1.181
1973,-1.161
1974,-1.193
1975,-1.174
1976,-1.117
1977,-1.141
1978,-1.155
1979,-1.13
1980,-1.102
1981,-1.145
1982,-1.105
1983,-1.145
1984,-1.1
1985,-1.05
1986,-1.089
1987,-1.082
1988,-1.116
1989,-1.202
1990,-1.26
1991,-1.298
1992,-1.323
1993,-1.295
1994,-1.257
1995,-1.249
1996,-1.244
1997,-1.204
1998,-1.144
1999,-1.045
2000,-1.077
2001,-1.103
2002,-1.15
2003,-1.173
2004,-1.128
2005,-1.173
2006,-1.126
2007,-1.09
2008,-1.102
2009,-1.151
2010,-1.171
2011,-1.174
2012,-1.19
2013,-1.199
2014,-1.165
2015,-1.183
2016,-1.142
2017,-1.17
2018,-1.133
2019,-1.072
2020,-1.109
2021,-1.043
2022,-0.969
2023,-0.807
2024,-0.724
2025,-0.728
2026,-0.71
2027,-0.642
2028,-0.651
2029,-0.602
2030,-0.633
2031,-0.492
2032,-0.495
2033,-0.695
2034,-0.817
2035,-0.674
2036,-0.465
2037,-0.368
2038,-0.387
2039,-0.362
2040,-0.281
2041,-0.239
2042,-0.151
2043,-0.201
2044,-0.339
2045,-0.63
2046,-0.788
2047,-0.753
2048,-0.718
2049,-0.702
2050,-0.686
2051,-0.64
2052,-0.594
2053,-0.572
2054,-0.552
2055,-0.575
2056,-0.642
2057,-0.522
2058,-0.472
2059,-0.616
2060,-0.698
2061,-0.693
2062,-0.69
2063,-0.671
2064,-0.677
2065,-0.701
2066,-0.678
2067,-0.695
2068,-0.706
2069,-0.702
2070,-0.712
2071,-0.714
2072,-0.701
2073,-0.693
2074,-0.627
2075,-0.605
2076,-0.573
2077,-0.541
2078,-0.541
2079,-0.502
2080,-0.507
2081,-0.457
2082,-0.429
2083,-0.429
2084,-0.428
2085,-0.417
2086,-0.429
2087,-0.492
2088,-0.425
2089,-0.429
2090,-0.441
2091,-0.359
2092,-0.343
2093,-0.228
2094,-0.223
2095,-0.152
2096,-0.093
2097,-0.067
2098,-0.026
2099,-0.017
2100,-0.114
2101,-0.214
2102,-0.263
2103,-0.264
2104,-0.245
2105,-0.241
2106,-0.253
2107,-0.246
2108,-0.187
2109,-0.158
2110,-0.197
2111,-0.186
2112,-0.171
2113,-0.167
2114,-0.176
2115,-0.167
2116,-0.125
2117,-0.117
2118,-0.115
2119,-0.095
2120,-0.062
2121,-0.045
2122,-0.053
2123,-0.034
2124,0.005
2125,-0.025
2126,-0.031
2127,0.009
2128,0.045
2129,0.165
2130,0.116
2131,0.078
2132,0.151
2133,0.529
2134,0.863
2135,0.602
2136,0.356
2137,0.23
2138,0.079
2139,0.118
2140,0.139
2141,0.201
2142,0.179
2143,0.164
2144,0.207
2145,0.182
2146,0.243
2147,0.234
2148,0.259
2149,0.298
2150,0.274
2151,0.301
2152,0.353
2153,0.346
2154,0.343
2155,0.377
2156,0.409
2157,0.408
2158,0.411
2159,0.451
2160,0.479
2161,0.436
2162,0.434
2163,0.42
2164,0.436
2165,0.415
2166,0.396
2167,0.391
2168,0.391
2169,0.347
2170,0.406
2171,0.428
2172,0.418
2173,0.413
2174,0.448
2175,0.513
2176,0.537
2177,0.562
2178,0.625
2179,0.631
2180,0.719
2181,0.723
2182,0.758
2183,0.68
2184,0.739
2185,0.834
2186,0.87
2187,0.93
2188,0.972
2189,1.016
2190,1.064
2191,1.089
2192,1.116
2193,1.135
2194,1.094
2195,1.046
2196,1.117
2197,1.114
2198,1.061
2199,1.051
2200,1.004
2220,1.533
2221,1.738
2222,1.916
2223,1.723
2224,2.001
2225,2.2
2226,1.724
2227,1.957
2228,2.491
2229,1.814
2230,1.768
2231,1.876
2232,1.977
2233,2.033
2234,2.055
2235,2.073
2236,2.092
2237,2.124
2238,2.165
2239,2.235
2240,2.317
2241,2.397
2242,2.492
2243,2.591
2244,2.701
2245,2.809
2246,2.901
2247,3.022
2248,3.249
2249,3.476
2250,3.483
2251,3.5
2252,3.627
2253,4.54
2254,11.987
2255,23.513
2256,31.245
2257,32.529
2258,34.251
2259,36.015
2260,37.271
2261,37.969
2262,38.344
2263,38.528
2264,38.695
2265,38.903
2266,39.275
2267,39.632
2268,39.84
2269,40
2270,40.106
2271,40.143
2272,40.181
2273,40.301
2274,40.269
2275,40.329
2276,40.385
2277,40.447
2278,40.566
2279,40.561
2280,40.509
2281,40.465
2282,40.637
2283,40.747
2284,40.777
2285,40.784
2286,40.967
2287,41.338
2288,41.67
2289,41.808
2290,42.327
2291,42.576
2292,42.82
2293,43.272
2294,43.773
2295,44.227
2296,44.896
2297,45.508
2298,45.903
2299,46.297
2300,46.464
2301,46.614
2302,46.963
2303,47.331
2304,47.716
2305,47.767
2306,47.927
2307,48.076
2308,48.272
2309,49.299
2310,49.978
2311,50.369
2312,50.443
2313,50.251
2314,50.039
2315,50.36
2316,49.87
2317,48.659
2318,48.729
2319,49.035
2320,51.608
2321,52.173
2322,52.011
2323,52.149
2324,52.957
2325,53.578
2326,54.002
2327,53.945
2328,53.597
2329,53.518
2330,53.501
2331,53.406
2332,53.336
2333,53.635
2334,53.78
2335,53.375
2336,53.487
2337,53.519
2338,53.23
2339,53.24
2340,53.263
2341,53.513
2342,54.132
2343,54.815
2344,54.917
2345,54.972
2346,54.556
2347,53.831
2348,53.806
2349,53.689
2350,53.37
2351,52.572
2352,53.28
2353,52.739
2354,52.188
2355,52.081
2356,52.068
2357,52.13
2358,52.493
2359,52.802
2360,53.001
2361,53.287
2362,53.63
2363,53.776
2364,54.429
2365,54.929
2366,55.571
2367,56.634
2368,56.541
2369,57.37
2370,58.809
2371,59.824
2372,60.023
2373,60.196
2374,60.566
2375,61.006
2376,61.121
2377,61.563
2378,62.452
2379,63.424
2380,64.352
2381,65.337
2382,65.788
2383,66.989
2384,68.186
2385,68.635
2386,68.916
2387,69.328
2388,69.532
2389,69.378
2390,68.801
2391,68.49
2392,68.651
2393,68.683
2394,69.966
2395,71.296
2396,71.959
2397,72.093
2398,71.525
2399,72.291
2400,73.326
2401,73.055
2402,72.757
2403,73.64
2404,74.244
2405,74.4
2406,74.251
2407,74.14
2408,74.414
2409,75.028
2410,75.625
2411,75.399
